Workbook

Sheet 01 — Dashboard
B2: Personal Health & Progress Dashboard
B3: Overview of key metrics, goal tracking, and progress trends
B5: START WEIGHT | D5: CURRENT WEIGHT | F5: TARGET WEIGHT | H5: GOAL PROGRESS | J5: AVG CALORIES | L5: WORKOUT DAYS
B6: ='03 — Goals & Settings'!C6 -> 85.5 | D6: =IF(COUNTA('02 — Daily Log'!C6:C65)>0, LOOKUP(2, 1/('02 — Daily Log'!C6:C65<>""), '02 — Daily Log'!C6:C65), '03 — Goals & Settings'!C6) -> 82.5 | F6: ='03 — Goals & Settings'!C7 -> 72 | H6: =IF(B6=F6, 1, ROUND((B6-D6)/(B6-F6), 2)) -> 0.22 | J6: =ROUND(AVERAGE('02 — Daily Log'!E6:E65), 0) -> 1827 | L6: =COUNTIF('02 — Daily Log'!G6:G65, "Yes") -> 21
B9: Milestone Tracker
B10: 25% Progress Reached | D10: =IF(H6>=0.25, "✨ Completed", "⏳ Pending") -> ⏳ Pending
B11: 50% Halfway Mark | D11: =IF(H6>=0.5, "✨ Completed", "⏳ Pending") -> ⏳ Pending
B12: 75% Final Stretch | D12: =IF(H6>=0.75, "✨ Completed", "⏳ Pending") -> ⏳ Pending
B13: 100% Target Weight Reached | D13: =IF(H6>=1, "🎉 Achieved!", "⏳ Pending") -> ⏳ Pending

Sheet 02 — Daily Log
B2: Daily Log — Personal Health & Progress
B3: Record your daily metrics below. Formulas calculate 7-Day Average automatically.
B5: Date | C5: Weight (kg) | D5: 7-Day Avg Wt | E5: Calorie Intake | F5: Steps | G5: Workout Completed? | H5: Activity Type | I5: Water Intake (ml) | J5: Sleep (hrs) | K5: Mood | L5: Notes
B6: 2026-08-01 | C6: 82.5 | D6: 82.5 | E6: 1662 | F6: 9753 | G6: Yes | H6: Running | I6: 2200 | J6: 8.1 | K6: 😍 Great | L6: Felt energetic
B7: 2026-08-02 | C7: 82.5 | D7: 82.5 | E7: 1866 | F7: 7760 | G7: Yes | H7: Gym - Strength | I7: 2200 | J7: 7.3 | K7: 😍 Great | L7: Felt energetic
B8: 2026-08-03 | C8: 82.4 | D8: 82.47 | E8: 1751 | F8: 11964 | G8: Yes | H8: Running | I8: 2800 | J8: 7.9 | K8: 😍 Great | L8: Felt energetic
B9: 2026-08-04 | C9: 82.3 | D9: 82.43 | E9: 1866 | F9: 10287 | G9: Yes | H9: Running | I9: 2200 | J9: 8.4 | K9: 😊 Good | L9: Felt energetic
B10: 2026-08-05 | C10: 82.3 | D10: 82.4 | E10: 1697 | F10: 10612 | G10: Yes | H10: Pilates | I10: 2500 | J10: 7.9 | K10: 😍 Great | L10: Felt energetic
B11: 2026-08-06 | C11: 82.4 | D11: 82.4 | E11: 1924 | F11: 8522 | G11: Yes | H11: Gym - Strength | I11: 2500 | J11: 8.2 | K11: 😊 Good | L11: Felt energetic
B12: 2026-08-07 | C12: 82.4 | D12: 82.4 | E12: 1748 | F12: 8069 | G12: Yes | H12: Running | I12: 2500 | J12: 8.5 | K12: 😊 Good | L12: Felt energetic
B13: 2026-08-08 | C13: 82.4 | D13: 82.39 | E13: 1844 | F13: 9777 | G13: Yes | H13: Pilates | I13: 2200 | J13: 7.6 | K13: 😊 Good | L13: Felt energetic
B14: 2026-08-09 | C14: 82.2 | D14: 82.34 | E14: 1686 | F14: 12490 | G14: No | H14: Rest | I14: 2200 | J14: 7.8 | K14: 😊 Good | L14: Rest day
B15: 2026-08-10 | C15: 82.1 | D15: 82.3 | E15: 1886 | F15: 10608 | G15: Yes | H15: Running | I15: 2500 | J15: 8.3 | K15: 😍 Great | L15: Felt energetic
B16: 2026-08-11 | C16: 82 | D16: 82.26 | E16: 1666 | F16: 10084 | G16: Yes | H16: Pilates | I16: 2000 | J16: 7.3 | K16: 😊 Good | L16: Felt energetic
B17: 2026-08-12 | C17: 81.9 | D17: 82.2 | E17: 1905 | F17: 10741 | G17: No | H17: Rest | I17: 2800 | J17: 7.2 | K17: 😊 Good | L17: Rest day
... B35: 2026-08-30 | C35: 81.2 | D35: 81.11 | E35: 1931 | F35: 8302 | G35: Yes | H35: Gym - Strength | I35: 2000 | J35: 8.4 | K35: 😊 Good | L35: Felt energetic
D36: =IF(ISBLANK(C36), "", ROUND(AVERAGE(C30:C36), 2))
D37: =IF(ISBLANK(C37), "", ROUND(AVERAGE(C31:C37), 2))
D38: =IF(ISBLANK(C38), "", ROUND(AVERAGE(C32:C38), 2))
D39: =IF(ISBLANK(C39), "", ROUND(AVERAGE(C33:C39), 2))
D40: =IF(ISBLANK(C40), "", ROUND(AVERAGE(C34:C40), 2))
D41: =IF(ISBLANK(C41), "", ROUND(AVERAGE(C35:C41), 2))
D42: =IF(ISBLANK(C42), "", ROUND(AVERAGE(C36:C42), 2))
D43: =IF(ISBLANK(C43), "", ROUND(AVERAGE(C37:C43), 2))
D44: =IF(ISBLANK(C44), "", ROUND(AVERAGE(C38:C44), 2))
D45: =IF(ISBLANK(C45), "", ROUND(AVERAGE(C39:C45), 2))
D46: =IF(ISBLANK(C46), "", ROUND(AVERAGE(C40:C46), 2))
D47: =IF(ISBLANK(C47), "", ROUND(AVERAGE(C41:C47), 2))
... D65: =IF(ISBLANK(C65), "", ROUND(AVERAGE(C59:C65), 2))

Sheet 03 — Goals & Settings
B2: Personal Health & Progress — Goals & Settings
B3: Configure your target parameters below. Do not delete field labels.
B5: Parameter | C5: User Value
B6: Starting Weight (kg) | C6: 85.5
B7: Target Weight (kg) | C7: 72
B8: Start Date | C8: 2026-08-01
B9: Target Date | C9: 2026-11-30
B10: Daily Calorie Target (kcal) | C10: 1800
B11: Daily Step Target | C11: 10000
B12: Daily Water Target (ml) | C12: 2500
B13: Weekly Workout Target (days) | C13: 4
B14: Sleep Target (hours) | C14: 8

Sheet 04 — Analytics
B2: Personal Health & Progress — Detailed Analytics
B3: Aggregated metric statistics, adherence percentages, and historical trends.
B5: Metric Category | C5: Calculated Statistic | D5: Current Value | E5: Goal / Reference
B6: Weight Metrics | C6: Lowest Recorded Weight | D6: =MIN('05 — Example Data'!C6:C35) -> 81 | E6: ='03 — Goals & Settings'!C7 -> 72
B7: Weight Metrics | C7: Highest Recorded Weight | D7: =MAX('05 — Example Data'!C6:C35) -> 82.5 | E7: ='03 — Goals & Settings'!C6 -> 85.5
B8: Weight Metrics | C8: Total Weight Lost (kg) | D8: ='03 — Goals & Settings'!C6 - '01 — Dashboard'!D6 -> 3 | E8: Target: 10.5 kg
B9: Calorie Adherence | C9: Average Daily Calories | D9: =ROUND(AVERAGE('05 — Example Data'!E6:E35),0) -> 1827 | E9: ='03 — Goals & Settings'!C10 -> 1800
B10: Calorie Adherence | C10: Days Within Target (±100 kcal) | D10: =COUNTIFS('05 — Example Data'!E6:E35, ">=1700", '05 — Example Data'!E6:E35, "<=1900") -> 12 | E10: Target Range: 1700-1900
B11: Activity & Habits | C11: Average Daily Steps | D11: =ROUND(AVERAGE('05 — Example Data'!F6:F35),0) -> 9447 | E11: ='03 — Goals & Settings'!C11 -> 10000
B12: Activity & Habits | C12: Workout Consistency % | D12: =ROUND(COUNTIF('05 — Example Data'!G6:G35, "Yes")/COUNTA('05 — Example Data'!G6:G35), 2) -> 0.7 | E12: Target: 57.0% (4 days/wk)
B13: Sleep & Recovery | C13: Average Sleep Duration | D13: =ROUND(AVERAGE('05 — Example Data'!J6:J35), 1) -> 7.7 | E13: ='03 — Goals & Settings'!C14 -> 8

Sheet 05 — Example Data
B2: Example Data — Demonstration Dataset
B3: Pre-populated 30-day realistic demonstration dataset to explore analytics.
B5: Date | C5: Weight (kg) | D5: 7-Day Avg Wt | E5: Calorie Intake | F5: Steps | G5: Workout Completed? | H5: Activity Type | I5: Water Intake (ml) | J5: Sleep (hrs) | K5: Mood | L5: Notes
B6: 2026-08-01 | C6: 82.5 | D6: =ROUND(AVERAGE(C6), 2) -> 82.5 | E6: 1662 | F6: 9753 | G6: Yes | H6: Running | I6: 2200 | J6: 8.1 | K6: 😍 Great | L6: Felt energetic
B7: 2026-08-02 | C7: 82.5 | D7: =ROUND(AVERAGE(C6:C7), 2) -> 82.5 | E7: 1866 | F7: 7760 | G7: Yes | H7: Gym - Strength | I7: 2200 | J7: 7.3 | K7: 😍 Great | L7: Felt energetic
B8: 2026-08-03 | C8: 82.4 | D8: =ROUND(AVERAGE(C6:C8), 2) -> 82.47 | E8: 1751 | F8: 11964 | G8: Yes | H8: Running | I8: 2800 | J8: 7.9 | K8: 😍 Great | L8: Felt energetic
B9: 2026-08-04 | C9: 82.3 | D9: =ROUND(AVERAGE(C6:C9), 2) -> 82.43 | E9: 1866 | F9: 10287 | G9: Yes | H9: Running | I9: 2200 | J9: 8.4 | K9: 😊 Good | L9: Felt energetic
B10: 2026-08-05 | C10: 82.3 | D10: =ROUND(AVERAGE(C6:C10), 2) -> 82.4 | E10: 1697 | F10: 10612 | G10: Yes | H10: Pilates | I10: 2500 | J10: 7.9 | K10: 😍 Great | L10: Felt energetic
B11: 2026-08-06 | C11: 82.4 | D11: =ROUND(AVERAGE(C6:C11), 2) -> 82.4 | E11: 1924 | F11: 8522 | G11: Yes | H11: Gym - Strength | I11: 2500 | J11: 8.2 | K11: 😊 Good | L11: Felt energetic
B12: 2026-08-07 | C12: 82.4 | D12: =ROUND(AVERAGE(C6:C12), 2) -> 82.4 | E12: 1748 | F12: 8069 | G12: Yes | H12: Running | I12: 2500 | J12: 8.5 | K12: 😊 Good | L12: Felt energetic
B13: 2026-08-08 | C13: 82.4 | D13: =ROUND(AVERAGE(C7:C13), 2) -> 82.39 | E13: 1844 | F13: 9777 | G13: Yes | H13: Pilates | I13: 2200 | J13: 7.6 | K13: 😊 Good | L13: Felt energetic
B14: 2026-08-09 | C14: 82.2 | D14: =ROUND(AVERAGE(C8:C14), 2) -> 82.34 | E14: 1686 | F14: 12490 | G14: No | H14: Rest | I14: 2200 | J14: 7.8 | K14: 😊 Good | L14: Rest day
B15: 2026-08-10 | C15: 82.1 | D15: =ROUND(AVERAGE(C9:C15), 2) -> 82.3 | E15: 1886 | F15: 10608 | G15: Yes | H15: Running | I15: 2500 | J15: 8.3 | K15: 😍 Great | L15: Felt energetic
B16: 2026-08-11 | C16: 82 | D16: =ROUND(AVERAGE(C10:C16), 2) -> 82.26 | E16: 1666 | F16: 10084 | G16: Yes | H16: Pilates | I16: 2000 | J16: 7.3 | K16: 😊 Good | L16: Felt energetic
B17: 2026-08-12 | C17: 81.9 | D17: =ROUND(AVERAGE(C11:C17), 2) -> 82.2 | E17: 1905 | F17: 10741 | G17: No | H17: Rest | I17: 2800 | J17: 7.2 | K17: 😊 Good | L17: Rest day
B18: 2026-08-13 | C18: 81.8 | D18: =ROUND(AVERAGE(C12:C18), 2) -> 82.11 | E18: 1937 | F18: 11915 | G18: Yes | H18: Rest | I18: 2800 | J18: 7.5 | K18: 😊 Good | L18: Felt energetic
B19: 2026-08-14 | C19: 81.7 | D19: =ROUND(AVERAGE(C13:C19), 2) -> 82.01 | E19: 1902 | F19: 8244 | G19: Yes | H19: Gym - Strength | I19: 2200 | J19: 7.9 | K19: 😐 Okay | L19: Felt energetic
B20: 2026-08-15 | C20: 81.7 | D20: =ROUND(AVERAGE(C14:C20), 2) -> 81.91 | E20: 1682 | F20: 10652 | G20: Yes | H20: Rest | I20: 2500 | J20: 8.5 | K20: 😍 Great | L20: Felt energetic
B21: 2026-08-16 | C21: 81.7 | D21: =ROUND(AVERAGE(C15:C21), 2) -> 81.84 | E21: 1924 | F21: 9685 | G21: No | H21: Rest | I21: 2500 | J21: 7.2 | K21: 😐 Okay | L21: Rest day
B22: 2026-08-17 | C22: 81.6 | D22: =ROUND(AVERAGE(C16:C22), 2) -> 81.77 | E22: 1882 | F22: 7526 | G22: No | H22: Rest | I22: 2500 | J22: 8.5 | K22: 😊 Good | L22: Rest day
B23: 2026-08-18 | C23: 81.5 | D23: =ROUND(AVERAGE(C17:C23), 2) -> 81.7 | E23: 1704 | F23: 9944 | G23: No | H23: Rest | I23: 2200 | J23: 7.2 | K23: 😊 Good | L23: Rest day
... B35: 2026-08-30 | C35: 81.2 | D35: =ROUND(AVERAGE(C29:C35), 2) -> 81.11 | E35: 1931 | F35: 8302 | G35: Yes | H35: Gym - Strength | I35: 2000 | J35: 8.4 | K35: 😊 Good | L35: Felt energetic

Sheet 06 — Instructions
B2: User Guide & Workbook Instructions
B3: Follow these step-by-step instructions to customize and use your template.
B5: Step 1: Set Up Goals
B6: Go to the '03 — Goals & Settings' tab and fill in your starting weight, target weight, target dates, and daily calorie/step goals.
B7: Step 2: Log Daily Data
B8: Open '02 — Daily Log' every day. Type the date, your weight, calorie intake, steps, water, sleep, and workout status.
B9: Step 3: Automated Calculations
B10: Do NOT edit formulas in column D ('7-Day Avg Wt') or the '01 — Dashboard' tab. They update automatically!
B11: Step 4: View Your Dashboard
B12: Check '01 — Dashboard' regularly to see your progress percentage, weight trend line, milestone achievements, and calorie charts.
B13: Step 5: Explore Example Data
B14: Check '05 — Example Data' to see how the dashboard and charts look after 30 days of consistent tracking.
